andrienko <denis.andrienko@mpip-mainz.mpg.de>=Denis Andrienko <andrienk@mpip-mainz.mpg.de>
fritsch=Sebastian Fritsch <fritsch@mpip-mainz.mpg.de>
jochum@pckr63.mpip-mainz.mpg.de=Mara Jochum <jochum@mpip-mainz.mpg.de>
tbereau@harry.phys.cmu.edu=Tristan Bereau <tristan.bereau@gmail.com>
mashayak <symashayak@gmail.com>=Sikandar Mashayak <symashayak@gmail.com>
Andrey Brukhno abrukhno@gmail.com=Andrey Brukhno <abrukhno@gmail.com>
andrienko@monster=Denis Andrienko <andrienk@mpip-mainz.mpg.de>
andrienko <denis.andrienko@mpip-mainz.mpg.de>=Denis Andrienko <andrienk@mpip-mainz.mpg.de>
andrienko=Denis Andrienko <andrienk@mpip-mainz.mpg.de>
andrienk=Denis Andrienko <andrienk@mpip-mainz.mpg.de>
andrinek=Denis Andrienko <andrienk@mpip-mainz.mpg.de>
baumeeier=Bjoern Baumeier <baumeier@mpip-mainz.mpg.de>
bjoern.baumeier=Bjoern Baumeier <baumeier@mpip-mainz.mpg.de>
Bjoern Baumeier <baumeier@mpip-mainz.mpg.de>=Bjoern Baumeier <baumeier@mpip-mainz.mpg.de>
bjoern.baumeier@googlemail.com=Bjoern Baumeier <bjoern.baumeier@googlemail.com>
Denis Andrienko=Denis Andrienko <andrienk@mpip-mainz.mpg.de>
melnyk <melnyk@mpip-mainz.mpg.de>=Anton Melnyk <melnyk@mpip-mainz.mpg.de>
baumeier=Bjoern Baumeier <baumeier@mpip-mainz.mpg.de>
cahit.dalgicdir <cahit.dalgicdir@gmail.com>=Cahit Dalgicdir <cahit.dalgicdir@gmail.com>
tbereau <tbereau@harry.phys.cmu.edu>=Tristan Bereau <tristan.bereau@gmail.com>
Sikandar Y. Mashayak <symashayak@gmail.com>=Sikandar Mashayak <symashayak@gmail.com>
Victor Rühle <ruehle@mpip-mainz.mpg.de>=Victor Ruehle <ruehle@mpip-mainz.mpg.de>
fritsch@pckt75=Sebastian Fritsch <fritsch@mpip-mainz.mpg.de>
fritsch@pckr96.mpip-mainz.mpg.de=Sebastian Fritsch <fritsch@mpip-mainz.mpg.de>
andrienk@pckr54.mpip-mainz.mpg.de=Denis Andrienko <andrienk@mpip-mainz.mpg.de>
christoph.junghans@gmail.com=Christoph Junghans <christoph.junghans@gmail.com>
christoph.junghans@googlemail.com=Christoph Junghans <christoph.junghans@googlemail.com>
junghans@votca.org=Christoph Junghans <junghans@votca.org>
konstantin.koschke=Konstantin Koschke <konstantin.koschke@gmail.com>
konstantin.koschke@gmail.com=Konstantin Koschke <konstantin.koschke@gmail.com>
stas.bevc@gmail.com=Stac Bevc <stas.bevc@gmail.com>
valentina_erastova@yahoo.co.uk=Valentina Erastova <valentina.erastova@durham.ac.uk>
victor.ruehle=Victor Ruehle <victor.ruehle@gmail.com>
victor.ruehle@googlemail.com=Victor Ruehle <victor.ruehle@gmail.com>
victor.ruehle@gmail.com=Victor Ruehle <victor.ruehle@gmail.com>
james@port=James Kirkpatrick <james.a.kirkaptrick@gmail.com>
james@james10uc.sc.ic.ac.uk=James Kirkpatrick <james.a.kirkaptrick@gmail.com>
Your name <mayfalk@mpip-mainz.mpg.de>=Falk May <mayfalk@mpip-mainz.mpg.de>
baumeier <baumeier@mpip-mainz.mpg.de>=Bjoern Baumeier <baumeier@mpip-mainz.mpg.de>
jenswehner@gmail.com=Jens Wehner <jenswehner@gmail.com>
andrienko@gmail.com=Denis Andrienko <andrienko@gmail.com>
andrienko@googlemail.com=Denis Andrienko <andrienko@googlemail.com>
